S.No.,Name,Time
1,Osama,4.118651628494263
2,Osama,4.440069913864136
3,Osama,4.57230019569397
4,Osama,4.74584436416626
5,Osama,4.835453987121582
6,Osama,5.1125805377960205
7,Osama,5.320037126541138
8,Osama,5.3773887157440186
